Master Name,Rows Collapsed Into It (incl. master)
2727 Heady Eddy Blunt 1.5g,6
Downtown Comatoast Live Resin 1g,4
Suspended Commando 7 Flower 1g,4
Svin Tangerine Borealis 1 Pre-roll 1g,4
2727 Tropicanna Cookies Blunt 1.5g,4
American Hash Makers Rainbow Belts Infused Pre-roll 0.5g,4
Freddy's Fuego Carrot Cake Disposable Cartridge 1g,4
Tilted Gmo Mindflayer Flower 3.5g,4
Lifted Malibu Marker Disposable Cartridge 1g,4
Clarity Farms Ghost Train Haze Bho 1g,4
Clarity Farms Yeti Fruit Og Disposable Cartridge 1g,4
Tilted Ripped Off Runtz Flower 3.5g,4
Bodhi High Nyc Diesel Cartridge 1g,4
Freddy's Fuego Dante's Inferno Pre-roll 1g,4
Walden Pink Lemonade Bho 1g,3
Subx Swampwater Fumez Pre-roll 1g,3
Ceres Peanut Butter Chocolate 62g,3
Mfused Lemon Cherry Gelato Disposable Cartridge 1g,3
Freddy's Fuego Pineapple Bang Flower 3.5g,3
Skagit Organics Harlequin RSO 1g,3
Torus Suga Berry Infused Pre-roll 1g,3
Svin One Piece Pre-roll 1g,3
Skagit Organics Pine Tsunami RSO 1g,3
Legacy Organics Isodope Infused Pre-roll 1g,3
Zen Cannabis Hash Burger Flower 3.5g,3
Svin Unit B Pre-roll 1g,3
Smokiez Prickly Pear Fruit Chews 60g,3
Clarity Farms Blueberry Express Disposable Cartridge 1g,3
Torus Hyphy Pre-roll 1g,3
Ooowee Gusherlicious Infused Pre-roll 5g,3
Swell Mystery Fruit Chews 33g,3
Legacy Organics Larry Bird Kush Infused Pre-roll 1g,3
Swifts Chocolate Truffle Chocolate 2oz,3
Svin Spooky Z Disposable Cartridge 1g,3
Freddy's Fuego Blue Slushie Pre-roll 1g,3
Clarity Farms Blood Orange Cartridge 1g,3
Suspended Triple Burger Flower 1g,3
Legacy Organics Funfetti Flower 3.5g,3
Frosted Cannabis Beetlejuice Infused Pre-roll 1g,3
Smokiez Sour Watermelon Fruit Chews 60g,3
Trichome Donut Resin Infused Pre-roll 1g,3
Clarity Farms Amnesia Haze Cartridge 1g,3
Zoots Hibiscus Gummies 40g,3
Trichome Super Lemon Haze Infused Pre-roll 1g,3
Lifted Wedding Cake Flower 3.5g,3
Thrills Sweet Island Skunk Cartridge 1g,3
Swell Peppermint Mints 14g,3
Svin Diamond Runtz Flower 3.5g,3
Swell Cinnamon Mints 14g,3
Pinnacle Green Toranja Flower 3.5g,3
2727 Tropicana Cookies Blunt 1.5g,3
High End Farms Ohio Rizz Pre-roll 1g,3
1937 Cobra Chi 9 Pre-roll 1g,2
Freddy's Fuego Ethos Apex Flower 3.5g,2
Legacy Organics Legacy Loco Mix Infused Flower 1g,2
Sitka Lebanese Red Infused Pre-roll 1g,2
Cannabis Northwest Lemon Skunk Shatter 1g,2
Permanent Marker Blunt 3g,2
Top Shelf Kimbo Kush Pre-roll 28g,2
Fdg Purple Diesel Pre-roll 2g,2
Lifted Truffle Cake Cartridge 1g,2
Thunder Chief Blackberry Pre-roll 1g,2
2727 Tigers Blood Infused Pre-roll 1g,2
Frostco Gmo Cocoa Disposable Cartridge 0.5g,2
Clout King Milk Steak Pre-roll 1g,2
Ceres Xtra Dragon CBD Topical 2oz,2
Cannasol Shiva's Nectar Pre-roll 1.5g,2
Full Spec Slurricane Cartridge 1g,2
Solr Bear Papaya Punch Cartridge 1g,2
Ooowee Honeydew Disposable Cartridge 1g,2
Lifted Burnout 33 Pre-roll 1g,2
Full Spec Motavated Cartridge 1g,2
Tilted Toad Venom Pre-roll 1.2g,2
Canna Organix Maui Loudie Cartridge 1g,2
Mama J's Sunset Mac Flower 7g,2
Svin Tangerine Borealis 1 Disposable Cartridge 1g,2
Torus Gmo Rosin 1g,2
Shatter J's Melon Guava Cartridge 1g,2
Stinger Dutch Haze Infused Pre-roll 2.5g,2
Fire Bros Squeezy Disposable Cartridge 1g,2
Spr Orangeade X Blue Slushie Infused Pre-roll 1g,2
Suspended Maui Wowie Pre-roll 1g,2
Green Revolution Caramel Fly Shots 2floz,2
Walden Super Boof Flower 3.5g,2
Ooowee White Peach Pre-roll 5g,2
Mz. A Candy Gas Pre-roll 5g,2
1937 Grape Mochi Pre-roll 1g,2
Walden Mimosa Bho 1g,2
Downtown Mint Condition Live Resin 1g,2
Fireline Cannabis Papaya Pre-roll 5g,2
Freddy's Fuego Pineapple Bang Flower 7g,2
Phat Panda Raspberry Pre-roll 1g,2
Downtown Twisted Toast Flower 1g,2
Journeyman Mango Lemonade Gummies 85g,2
Second Nature Orangasm Flower 28g,2
Clarity Farms Indica Topical 20mg,2
Skagit Organics Omega RSO 1g,2
Phat Panda Redneck Wedding Pre-roll 1g,2
Agro Couture Drops 1000mg Tincture 1floz,2
Trichome Crop Circlez Flower 3.5g,2
Green Reaper Candy Gas Flower 28g,2
Honey Stixx Berry Blue Dream Infused Pre-roll 0.75g,2
Heavenly Buds Papaya Melonz 7 Rosin 1g,2
Sunshine Blueberry Kush Flower 28g,2
Clarity Farms Strawberry Kiwi Dum Dum Bho 1g,2
Fire Bros Trop Kick Disposable Cartridge 1g,2
Fdg Gg4 Pre-roll 1g,2
Seattle Marijuana Co Pina Colada Cartridge 1g,2
Canna Organix Forbidden Fruit Flower 1g,2
Freddy's Fuego Sugar Rainbow Luxe Flower 1g,2
Skagit Organics Atf RSO 1g,2
Greenrush Bruce Banner THCA 1g,2
Just The Tip,2
Torus Raspberry Smoothie X Ginger Pop Infused Pre-roll 1g,2
Wedding Cake Pre-roll 0.5g,2
Fdg Peach Ringz Flower 3.5g,2
Clarity Farms Blue Hawaiian Infused Pre-roll 0.8g,2
Subx Poipu Rain Flower 7g,2
Shatter J's Raspberry Lemonade Infused Pre-roll 1g,2
Dungeness Dank Du Ma Og Flower 3.5g,2
Mama J's Rs11 Infused Pre-roll 1g,2
Mfused Ko Kush Cartridge 1g,2
Hustler's Ambition Banana Og Flower 3.5g,2
Zen Cannabis Gas Face Pre-roll 28g,2
High End Farms Blueberry Pie Pre-roll 1g,2
Fireline Animal Face Infused Pre-roll 1g,2
Clarity Farms Indica Topical 10mg,2
Tilted Spritzer Flower 3.5g,2
Ooowee Wedding Cake Pre-roll 5g,2
Agro Couture Gelato Cake Flower 3.5g,2
Buddies Watermelon Infused Pre-roll 1.5g,2
High End Farms Black Soap Pre-roll 1g,2
Wyld Grapefruit Gummies 40g,2
Cannasol Double Durban Flower 4g,2
Mfused Wild Watermelon Liquid Infused Edible 60ml,2
Constellation Green Apple Shots 2ml,2
Subx Power Pre-roll 1g,2
Juicy Jay Mello Mango Papers,2
Budz Bud Gorilla Glue Flower 1g,2
Full Spec White Peach Edible 0.95oz,2
Plaid Jacket Animal Tsunami Cartridge 1g,2
Suspended Strawberry Ice Disposable Cartridge 1g,2
Skord Cake Donut Cartridge 1g,2
Clarity Farms Sootheberry Edible 0.88oz,2
Constellation Dulce De Uva Cartridge 1g,2
Mfused Battery Purple,2
Fdg Chem Trailz Pre-roll 1g,2
Heavenly Buds Orange Truffle Infused Pre-roll 1g,2
Greenleaf Mj Blue Hawaiian Pre-roll 2g,2
Tilted Watermelon Punch Badder 1g,2
Zoots Strawberry Gummies 40g,2
Local Farmers Garlic Mintz Flower 3.5g,2
Green Revolution Peach Mango Edible 2.8oz,2
Ooowee Mr. Bad Bho 1g,2
Spr Blue Slushie Hash Rosin 1g,2
Pastime Zourz Flower 1g,2
Clarity Farms Gummy Bears Badder 1g,2
Legit Mini Face Off Og Infused Pre-roll 0.7g,2
Tilted Gg 4 Infused Pre-roll 3.6g,2
Skagit Organics Purple Cadillac Disposable Cartridge 1g,2
Canna Organix Forbidden Fruit Badder 1g,2
Fine Detail Greenway Truffalo Flower 3.5g,2
Agro Couture Gg4 Rosin 1g,2
Sitka Cascade Cream Infused Pre-roll 1g,2
Constellation Medellin Rosin 1g,2
Tilted Ripped Off Runtz Infused Blunt 1.2g,2
Spr Moon Beams Flower 3.5g,2
2727 Purple Punch Cartridge 1g,2
Ooowee Tropical Maui Disposable Cartridge 1g,2
Stingers Razzmatazz Infused Pre-roll 1g,2
Constellation Raspberry Beverage 355ml,2
Mfused Fruit Punch Shots 60ml,2
Swifts Giggle Bits Chocolate 100g,2
Trop Cookies Pre-roll 5g,2
Pastime Sherb Cream Pie Flower 3.5g,2
Phat Panda Raspberry Cartridge 1g,2
2727 Planet Sherb Flower 14g,2
Clarity Farms Blue Raspberry Cartridge 1g,2
Captain Yeti Maui Wowie Hash Rosin 1g,2
Fire Bros Pelé 1970 Disposable Cartridge 1g,2
Phat Panda Raspberry Truffle Flower 14g,2
Smokiez Peach Fruit Chews 36g,2
Wyld Raspberry Gummies 1.4oz,2
Mama J's Sherb Cream Pie Flower 3.5g,2
Cannasol Gmo Rosin 1g,2
Canna Organix Golden Apricot Cartridge 1g,2
Constellation Pie Hoe Rosin 1g,2
Flipside Rocket Popz Cartridge 1g,2
Suspended Lost Og Mix Infused Flower 1g,2
Ooowee Lemon Cherry Gelato Bho 1g,2
Pioneer Squares Watermelon Kiwi Gummies 3oz,2
The People's Pistachio Pre-roll 2g,2
Honu Chocolate Caramel Sativa Chocolate 130g,2
Torus Monster Mash Infused Pre-roll 1g,2
Mama J's Super Boof Flower 1g,2
Bodhi High Lemon Tree Disposable Cartridge 1g,2
Heavenly Buds Strawberry Banana Zkittles Rosin 1g,2
Freddy's Fuego Lemon Shortbread Live Resin 1g,2
Greenway Pipe 8,2
Clarity Farms Maui Mango Bho 1g,2
1937 Hawaiian Lion Pre-roll 1g,2
Fire Bros Goofiez Flower 7g,2
Fugu Farms Gary Payton Rosin 1g,2
Sub X Lemon Cherry Gelato Flower 1g,2
Suspended Grape Disposable Cartridge 1g,2
Swell Paradise Punch Chewees 1.16oz,2
Freddy's Fuego Carrot Cake Flower 3.5g,2
Lifted Cherry Ztripez Pre-roll 1g,2
Refine Baby Yo-duh X Galactic Runtz Infused Pre-roll 1g,2
Bodhi High Carbon Fiber Disposable Cartridge 1g,2
Buddies Baby Shark Cartridge 1g,2
Skagit Organics Strawberry Cough RSO 1g,2
Zen Cannabis Too Much Papaya Pre-roll 28g,2
Stinger Colombian Gold Infused Pre-roll 2.5g,2
Phat Panda White Gummy Cartridge 1g,2
Torus K2 1 Rosin 1g,2
Subx Blue Jam Flower 7g,2
Hustler's Ambition Royal Mystery Flower 3.5g,2
Legit Godfather Og Infused Pre-roll 1g,2
2727 Frosted Gummy Infused Pre-roll 1g,2
Fireline Cannabis Blue Dream Infused Pre-roll 1g,2
Legacy Organics Candy Crush Moon Rocks 3.5g,2
Mfused Faderade Disposable Cartridge 1g,2
Stingers Afghan Skunk Infused Pre-roll 1g,2
Micro Bar Tropic Thunder Cartridge 1g,2
Hellavated Blueberry Dream Cartridge 1g,2
Torus Tigers Blood Infused Pre-roll 1g,2
Fdg Purple Diesel Flower 3.5g,2
Fine Detail Greenway Pineapple Chunk Pre-roll 7g,2
Coastal Growers Blumosa Flower 3.5g,2
Green Reaper Dutch Gouda Butter Flower 14g,2
Green Revolution Watermelon Kiwi Gummies 80g,2
Shatter J's Watermelon Martini Infused Pre-roll 5g,2
Phat Panda Og Chem Pre-roll 1g,2
Fire Bros The Zest Disposable Cartridge 1g,2
Mfused Blue Dream Cartridge 1g,2
Shatter J's Grape Disposable Cartridge 1g,2
Honu Caramel Apple Chocolate 85g,2
Fugu Farms Cherry Bang Bang Rosin 1g,2
Mama J's Sour Apple Pre-roll 1g,2
Agro Couture Mixed Trade Sample 50g,2
Constellation Smackles Cartridge 0.5g,2
Ceres Cherry Edible 1.5oz,2
Northwest Concentrates Bad Apple Rosin 1g,2
Fdg Sour Kush Pre-roll 7g,2
Zen Cannabis Babysita Flower 3.5g,2
Second Nature Cake Flower 3.5g,2
Fdg Gg4 Pre-roll 2g,2
2727 Dragon's Piss Pre-roll 5g,2
Northwest Concentrates Wedding Cake Cartridge 1g,2
Lifted Blue Lobster Flower 3.5g,2
Thunder Chief The Milk-man Pre-roll 1g,2
Vice Uglifruit Liquid Infused Edible 12floz,2
Cereal Milk Blunt 0.75g,2
Top Shelf Planet Sherb Pre-roll 4g,2
Clarity Farms Strawberry Kush Bho 1g,2
Tilted Gmo Mindflayer Pre-roll 3.6g,2
Spr Dutch Treat Pre-roll 2g,2
Hard Hat Gg 4 Crumble 1g,2
Heavenly Buds Strawberrry Lemonade Infused Pre-roll 2.5g,2
Pastime Queen Of The South Flower 3.5g,2
Shatter J's Mixed Infused Pre-roll 5g,2
Suspended Commando 7 Flower 3.5g,2
Hustler's Ambition Orange Cream Pre-roll 1g,2
Two Heads Watermelon Cartridge 1g,2
Clout King Clout Berries Pre-roll 1g,2
Pastime Lemon Lime Haze Disposable Cartridge 1g,2
Cannasol Aliens On Moonshine RSO 1g,2
Fire Bros Yuzu Sour Flower 3.5g,2
Walden Peach Mango Edible 1.7floz,2
Walden Orange Cream Pie Rosin 1g,2
American Hash Makers Sugar Cone Rosin 1g,2
Torus Peanut Butter Infused Pre-roll 1g,2
Heavenly Buds Tally Mon Pre-roll 10g,2
Hard Hat Jack Herer Disposable Cartridge 1g,2
Full Spec Doggy Bagg Cartridge 1g,2
2727 Cherry Pie Cartridge 1g,2
Walden Apple Slapz Flower 3.5g,2
Major Fruit Punch 100mg Shots 2floz,2
Swell Paradise Fruit Chews 33g,2
Fire Bros Han Solo Disposable Cartridge 1g,2
Vice Cherry Liquid Infused Edible 12floz,2
Ceres Toffee Crunch Edible 62g,2
Clarity Farms Luau Punch Gummies 1.02oz,2
Agro Couture Key Lime Pie Disposable Cartridge 1g,2
Clarity Farms Lime Sorbet Cartridge 1g,2
Prismatic Pineapple Funk Rosin 1g,2
Leafwerx Candy Apple Edible 44g,2
Fire Bros Viva Piñata Live Resin 1g,2
Tilted Gelonade Infused Pre-roll 1.2g,2
Mr. Bad Without Category 1g,2
Canna Organix Sunset Zkittlez Infused Pre-roll 1g,2
4.20 Dark Chocolate Chocolate 50g,2
Greenrush Cherry Pie Cartridge 1g,2
Svin Jacuzzi Pre-roll 1g,2
Plaid Jacket Mack's Gak Disposable Cartridge 1g,2
Greenleaf Mj Blackberry Kush Pre-roll 2g,2
Cormorant Edibles Blackberry Lemonade Edible 3.4g,2
Thunder Chief Butter Pre-roll 1g,2
Trichome Sweet Cherries Infused Pre-roll 1g,2
Honu Chocolate Turtle Sativa Chocolate 110g,2
Torus Halo Kitty Infused Pre-roll 1g,2
Torus Candy Corn Infused Pre-roll 1g,2
Buddies Zzz's Nuts Infused Pre-roll 2g,2
Hustler's Ambition Godfather Og Pre-roll 1g,2
Subx Colorado Nightshifter Infused Pre-roll 1g,2
Mama J's Runtz Flower 3.5g,2
Greenrush Purple Panties THCA 1g,2
Canna Organix Blu Voodoo Cartridge 1g,2
American Hash Makers Kiwi Infused Blunt 0.5g,2
Pastime Pineapple Beltz Disposable Cartridge 1g,2
Lifted Burnout Og 33 Flower 7g,2
Sub X Island Octane Flower 3.5g,2
Major Blackberry Lemonade 100mg THC Shots 2floz,2
Torus Berry Infused Pre-roll 1g,2
Bodhi High Tropical Runtz Cartridge 1g,2
Buddies Baby Shark Infused Pre-roll 1.5g,2
Mfused Grape Shots 60ml,2
Lifted Banana Pop Rocks Bho 1g,2
Svin Lemon Straws Disposable Cartridge 1g,2
2727 Honey Banana Pre-roll 5g,2
Sub X Cap Junky Flower 1g,2
Buddies Goat Disposable Cartridge 1g,2
Sky High Gardens Cosmic Chem Pre-roll 1.2g,2
Cannasol Cosmic Charlie RSO 1g,2
Svin Cosmic Gelato Flower 3.5g,2
Local Farmers Peach Juice Flower 3.5g,2
Torus Blue Powerade Flower 1g,2
Bodhi High Snoop's Dream Infused Pre-roll 1g,2
Sky High Gardens Super Silver Stardawg Flower 1g,2
Zen Cannabis Cherry Payton Pre-roll 28g,2
Bob Marley Papers 1 1 4,2
Constellation Tea Time Infused Pre-roll 7g,2
Thrills Tropicana Cookies Cartridge 1g,2
Constellation Rambutan Disposable Cartridge 1g,2
Heavenly Buds Strawberry Banana Zkittles Flower 1g,2
Pioneer Sqaures Black Blueberry Gummies 3oz,2
Fdg Blueberry Buttered Banana Pre-roll 1g,2
Constellation 1:1 Watermelon Lime + Ashwagandha Gummies 1.12oz,2
Ooowee Honeydew Cartridge 1g,2
Full Spec Cherry Elderberry Edible 0.95oz,2
Green Reaper Ice Cream Zoap Flower 28g,2
Lifted Metaverse Infused Pre-roll 1g,2
Svin London Marker 9 Flower 3.5g,2
2727 Guava Cartridge 1g,2
Mfused Blue Razz Cartridge 1g,2
Clarity Farms Chuckleberry Gummies 0.88oz,2
Legacy Organics Larry Bird Kush Flower 3.5g,2
Picc Hannah Pre-roll 2.5g,2
Phat Panda Watermelon 1:1 Shots 2floz,2
Cannasol Sour Diesel Flower 7g,2
Royal Kind Bob Hope Flower 3.5g,2
Constellation Tea Time Rosin 1g,2
Fine Detail Greenway Blackberry Syrup Pre-roll 1g,2
Tilted Oasis Pre-roll 1.2g,2
Tilted Potion Topical 50g,2
2727 Ice Queen Pre-roll 5g,2
Heavenly Buds Apple Fritter Bubble Hash 1g,2
The People's Indoor Gardens People's Diesel Flower 7g,2
Honey Stixx Blueberry Muffin Infused Blunt 0.75g,2
Full Spec Strawberry Edible 1.56oz,2
Local Farmers Dojaberry Pre-roll 1g,2
Buddies Super Boof Disposable Cartridge 0.5g,2
Tilted Grape Soda Badder 1g,2
Svin One Piece Flower 3.5g,2
Suspended Tigers Blood Disposable Cartridge 1g,2
Greenrush Bacio Gelato Cartridge 1g,2
Royal Blunt Wrap Horchata,2
Greenleaf Mj Novocain Pre-roll 2g,2
Budz Bud White Critical Kush Flower 7g,2
Lifted 25 Eyes Infused Pre-roll 1g,2
High End Farms Jelly Bean Flower 1g,2
Heavenly Buds Orange Diesel Pre-roll 1g,2
Ooowee Late Bloomer Bho 1g,2
Clout King Guava Fresca Pre-roll 1g,2
Svin Jacuzzi Cartridge 1g,2
Phat Panda Gmo X Forbidden Live Resin 1g,2
Fire Bros Lemon Pastries Pre-roll 1g,2
Rays Lemonade Lemonade Liquid Infused Edible 1.75floz,2
Captain Yeti Northern Lights Flower 3.5g,2
Pioneer Squares Pineapple Crush Gummies 3oz,2
Clarity Farms Huckleberry Edible 100mg,2
Goodgood Pineapple Pop Disposable Cartridge 1g,2
Northwest Concentrates Gg 4 Bho 1g,2
Mfused Maui Pineapple Cartridge 1g,2
Avitas Huckleberry Infused Blunt 1g,2
Tyson 2.0 Gelato 44 Pre-roll 1g,2
Ooowee Late Bloomer Disposable Cartridge 1g,2
Dungeness Dank Gg 4 Hash Rosin 1g,2
Zen Cannabis Gmo Flower 3.5g,2
2727 Garlic Breath Pre-roll 5g,2
Subx Orange Poison Bho 1g,2
Torus Permanent Marker Flower 3.5g,2
Heavenly Buds Orange Diesel Hash 1g,2
Mama J's Super Boof Flower 3.5g,2
Sky High Gardens Sherb Cocktail Flower 3.5g,2
Lifted Metaverse Flower 3.5g,2
Picc Grape Gas Infused Pre-roll 1g,2
Ooowee Truffle Oreos Disposable Cartridge 1g,2
Subx Gmo Flower 1g,2
Smokiez Blackberry Edible 60g,2
Flipside Slapple Disposable Cartridge 1g,2
Blue Roots Sour Mintz Hash Rosin 1g,2
Sky High Gardens Double Dipped Strawberries Flower 1g,2
High End Farms Sour Tangie Pre-roll 1g,2
Canna Organix Wa Apple Cartridge 1g,2
Full Spec Purple Punch Cartridge 1g,2
Evergreen Herbal Atomic Apple Beverage 6.7floz,2
Ooowee Super Lemon Haze Infused Pre-roll 5g,2
Seattle Bubble Works Passion Orange Guava Tincture 1floz,2
Stinger Cinderella 99 Infused Pre-roll 1g,2
Clarity Farms Blue Hawaiian Infused Pre-roll 0.88g,2
Trichome Blue Dream Infused Pre-roll 3g,2
Green Reaper Snoop's Dream Badder 1g,2
Canna Organix Peach Ringz Cartridge 1g,2
Canna Organix Lemon Cherry Gelato Bho 1g,2
Fine Detail Greenway Melonoz Pre-roll 1g,2
Freddy's Fuego Lemon Shortbread Sugar 1g,2
Torus Cherry Amaretto Flower 3.5g,2
Skord Mintwoods Flower 3.5g,2
Phat Panda Powdered Donut Flower 3.5g,2
Sub X Alley Oop Badder 1g,2
Torus Wild Berry Punch Infused Pre-roll 1g,2
Phat Panda Gusherz Disposable Cartridge 1g,2
Pastime Grape Taffy Disposable Cartridge 1g,2
Soulshine Super Lemon Haze Flower 3.5g,2
2727 Conejito Bho 1g,2
Spr Pure Krush Pre-roll 1g,2
Local Farmers Green Goblin Pre-roll 3.5g,2
Heavenly Buds Strawberry Bubbles Bubble Hash 1g,2
Thunder Chief Floridaman Pre-roll 2.5g,2
Lifted Creamsicle Disposable Cartridge 1g,2
Gmo Infused Blunt 4g,2
Honey Stixx God's Gifts X Permafrost Infused Pre-roll 1g,2
Sitka Trainwreck Pre-roll 5g,2
1937 Grape Mochi Flower 7g,2
Downtown Sprinkles Flower 3.5g,2
Phat Panda Bone Collector Pre-roll 1g,2
Fugu Farms Xeno Rosin 1g,2
Mama J's Gelato Cake Cartridge 1g,2
Sky High Gardens Heladosa Flower 1g,2
Fire Bros Tamalez Infused Blunt 2g,2
Tilted Spritzer Infused Pre-roll 1.2g,2
Canna Organix Cereal Milk Cartridge 1g,2
Legacy Organics Pink Runtz Infused Pre-roll 1g,2
Fine Detail Greenway White Tahoe Cookies Flower 7g,2
Heavenly Buds Papaya Melonz 7 Pre-roll 1g,2
2727 Ice Cream Cake Cartridge 1g,2
Fdg Gg 4 Flower 3.5g,2
Trichome June Plum Flower 3.5g,2
Sub X Citrus Rain Pre-roll 1g,2
Melted Banana Clips Badder 1g,2
Freddy's Fuego Dante's Inferno Flower 3.5g,2
Lifted Permanent Push Pop Infused Pre-roll 1g,2
Trichome Kush Cake RSO 1g,2
Phat Panda Trophy Wife Flower 7g,2
Walden North Light 5 Cartridge 1g,2
Trichome Blackscotti Disposable Cartridge 1g,2
Honey Stixx Peach Crescendo X Strawberry Banana Infused Pre-roll 1g,2
Gelato Runtz Disposable Cartridge 1g,2
Stinger Durban Poison Infused Pre-roll 2.5g,2
Svin Jacuzzi Disposable Cartridge 1g,2
Green Reaper Popscottie Flower 14g,2
Get Bent Black Mamba Flower 3.5g,2
Ooowee Ooowee Marker Infused Pre-roll 0.75g,2
2727 Candy Runtz Bho 1g,2
Torus Guava Tart Flower 3.5g,2
Torus Cereal Milk Flower 28g,2
Thunder Chief Hawaiian Rain Flower 3.5g,2
Constellation Lime Shots 1floz,2
Lifted Cannabis Luxor Disposable Cartridge 1g,2
Suspended Super Boof Flower 7g,2
Ooowee Seattle Strawberry Cough Infused Pre-roll 5g,2
Phat Panda Maui Wowie Cartridge 3g,2
Mama J's Fruit Loops Haze Disposable Cartridge 1g,2
K Savage Blue Note Pre-roll 1g,2
Trichome Bubble Bath + Grb Infused Pre-roll 1.5g,2
Superboof Blunt 0.75g,2
Greenleaf Mj Strawberry Gary Pre-roll 2g,2
Suspended Super Boof Moon Rocks 1g,2
Journeyman Sour Strawberry Gummies 85g,2
Avitas Sour Beltz Infused Blunt 1g,2
Hustler's Ambition Tropic Truffle Pre-roll 1g,2
Trichome Mule Fuel Disposable Cartridge 1g,2
Fireline Pure Buttafingaz Rosin 1g,2
Refine Kush Mintz Disposable Cartridge 1g,2
Subx Gelly Rain Flower 1g,2
Ooowee Cheat Code Bho 1g,2
Freddy's Fuego Tigers Blood Cartridge 1g,2
Skagit Organics Harlequin Disposable Cartridge 1g,2
Mad Mark Mad Gelato Disposable Cartridge 1g,2
Journeyman Pineapple Gummies 85g,2
Cascade Crest Dutchberry Flower 28g,2
Cormorant Edibles Cherry Lemonade Edible 4oz,2
Budz Bud White Critical Kush Flower 3.5g,2
Tilted Toad Venom Infused Pre-roll 1.2g,2
Heavenly Buds Strawberry Candy Flower 1g,2
Constellation Coffee Creamer Pre-roll 1g,2
Fire Bros Crepe Ape Infused Blunt 2g,2
Fdg Lime Slapz Pre-roll 1g,2
Heavenly Buds Strawberry Banana Zkittles Pre-roll 1g,2
Mz. A Super Mac Flower 3.5g,2
Tilted Fruit Cereal Badder 1g,2
Constellation Gmo Pie Rosin 1g,2
Fire Bros Crepe Ape Live Resin 1g,2
Cannabis Northwest Black Mamba Flower 28g,2
The People's Gg 4 Flower 3.5g,2
Coastal Growers Gg4 Flower 3.5g,2
Refine Yuck Mouth Rosin 1g,2
Subx Sub Zero Pre-roll 1g,2
Stingers Permanent Marker Cartridge 1g,2
Mfused Strawberry Kush Cartridge 1g,2
Refine Papaya Crush Loud Resin 1g,2
Thrills Sugar Cookies Cartridge 1g,2
Subx Super Boof Disposable Cartridge 1g,2
Stingers Memory Loss Infused Pre-roll 1g,2
Lifted Moroccan Peaches Disposable Cartridge 1g,2
Tilted Gmo Mindflayer Flower 7g,2
Frosted Cannabis Blue Dream Pre-roll 3.5g,2
Thunder Chief Butter Flower 3.5g,2
Heavenly Buds Huckleberry Pie Flower 3.5g,2
Trichome Permanent Scented Marker Cartridge 1g,2
Hustler's Ambition Snow Cone Cartridge 1g,2
Clarity Farms Strawberry Ice Cartridge 1g,2
Royal Kind Amarena De Limón Flower 3.5g,2
Agro Couture Grape Stomper Bho 1g,2
Shatter J's Washington Apple Pre-roll 1g,2
Fire Bros Tamalez Flower 3.5g,2
Fugu Farms Xeno Punch Hash Rosin 1g,2
Mama J's Black Cherry Gelato Flower 3.5g,2
Ooowee Cheat Code Infused Pre-roll 5g,2
Journeyman Pineapple Beverage 2floz,2
Spr Cali Glow Flower 1g,2
Mad Mark Amnesia Haze Bho 1g,2
Cormorant Edibles Gushers Cartridge 1g,2
Phat Panda Bong Buddies Neon Nectar Flower 2g,2
Constellation Tropic Shuffle Shots 50ml,2
Clarity Farms Alaskan Thunder Fuck Cartridge 1g,2
Pastime Z Pie Disposable Cartridge 1g,2
Canna Organix Forbidden Fruit Pre-roll 1g,2
Clout King Mom's Spaghetti Rosin 1g,2
Fdg Lemonheads Pre-roll 1g,2
Constellation Georgia Pie Pre-roll 1g,2
Freddy's Fuego Sub Zero Pre-roll 1g,2
Legacy Organics Larry Bird Kush Moon Rocks 3.5g,2
Flipside Grapefruit Romulan Disposable Cartridge 1g,2
Canna Organix Omguava Cartridge 1g,2
Phat Panda Grape Goji Disposable Cartridge 1g,2
Clarity Farms Kush Dreamz Cartridge 1g,2
Canna Organix Cereal Milk Infused Pre-roll 1g,2
Two Heads Jack Herer RSO 1g,2
Fire Bros Brew Ha Ha Live Resin 1g,2
Torus White Cherry Truffle Infused Pre-roll 1g,2
Snickle Fritz Tropical Slushie Cartridge 1g,2
Agro Couture Grape Stomper Cartridge 1g,2
Purple Cat Piss Live Resin 1g,2
Seattle Bubble Works Vanilla Latte Beverage 1floz,2
1937 Flyin Hawaiian Flower 3.5g,2
Phat Panda Lemon Cherry Gelato Cartridge 3g,2
Downtown Twisted Toast Live Resin 1g,2
Sub X Ether Pre-roll 1g,2
Mz. A Nyc Diesel Flower 1.5g,2
Svin Amaretto Sour Hash Rosin 1g,2
Trichome Super Lemon Haze Infused Pre-roll 4.5g,2
Stingers Master Kush Infused Pre-roll 1g,2
Journeyman Peppermint Mints 12g,2
Lifted Cannabis Grape Thron Rose Infused Pre-roll 1g,2
Greenleaf Mj Jokerz Pre-roll 2g,2
Fdg Lazy Llama Flower 3.5g,2
Legacy Organics Isodope Pre-roll 1g,2
Blaze Orange Cream Beverage 12floz,2
Green Reaper Gary Poppins Badder 1g,2
Trichome Sunset Runtz RSO 1g,2
Ceres Dragon Balm 1:1 Topical 2oz,2
Freddy's Fuego Lyon King Disposable Cartridge 1g,2
Craft Elixir Caramel Popcorn Edible 0.6oz,2
Mama J's Pink Runtz Pre-roll 1g,2
Mz. A Tropicanna Cherry Pre-roll 5g,2
Lifted Wedding Cake Flower 28g,2
Honu Peanut Butter Cup Chocolate 150g,2
Trichome Scented Marker Infused Pre-roll 1.5g,2
Clarity Farms Strawberry Cheesecake Bho 1g,2
Canna Organix Lemon Burger Infused Pre-roll 3.6g,2
Firebros Grimace Shake Disposable Cartridge 1g,2
Fine Detail Greenway Blackberry Syrup Flower 7g,2
Heavenly Buds Pineapple Guava Flower 1g,2
Journeyman Watermelon Lemonade Beverage 2floz,2
Phat Panda Triple Burger Pre-roll 1g,2
Stinger Kentucky Durban Cartridge 1g,2
Ooowee Crunch Berriez Infused Pre-roll 5g,2
Picc Apple Rain Infused Pre-roll 1g,2
Mfused Hawaiian Dutch Cartridge 1g,2
Goodgood Strawberry Watermelon Nectar Cartridge 1g,2
Journeyman Raspberry Gummies 85g,2
Flipside Redeyesgreendragon Disposable Cartridge 1g,2
Captain Yeti Triple Malted Chocolate Edible 140g,2
Refine Sour D Bubble Hash 1g,2
Subx I-95 Cookies Flower 1g,2
Ooowee Facelock Infused Pre-roll 0.75g,2
Mz. A Candy Gassy Flower 3.5g,2
Mad Mark Mad Pie Goddess Flower 3.5g,2
Ceres Lime Drop Disposable Cartridge 1g,2
Permanent Marker Infused Blunt 3g,2
Pastime Highlighterz Cartridge 1g,2
Constellation Puro Loco Rosin 1g,2
Constellation Mango Chili Edible 1.2oz,2
Fdg Purple Diesel Pre-roll 1g,2
Heavenly Buds Blueberry Banana Zkittles Flower 7g,2
Lifted Ztrufflez Disposable Cartridge 1g,2
Cannabis Northwest Hash Burger Flower 3.5g,2
Walnut Rolling Tray,2
1937 Aloha Love Flower 3.5g,2
Skord Animal Cocktail Cartridge 1g,2
Legacy Organics Mikado Pre-roll 1g,2
Heavenly Buds Permanent Marker Pre-roll 1g,2
Constellation The Soap Infused Pre-roll 1g,2
Svin One Piece Terp Crystals 1g,2
Seattle Marijuana Company Banana Cream Pie Infused Pre-roll 1g,2
Evergreen Herbal Night Tincture 1oz,2
Buddies Neon Cherry Apricot Disposable Cartridge 1g,2
Pinnacle Green Dj Short Blueberry Flower 3.5g,2
Micro Bar Cherry Limeade Slush Disposable Cartridge 1g,2
Mfused Chocolope Disposable Cartridge 1g,2
Canna Organix Durban Poison Live Resin 1g,2
Downtown Super Fuzzy Cartridge 1g,2
Walden Mixed Pre-roll 3g,2
Canna Organix Donny Tsunami Infused Pre-roll 1g,2
Spr Citrus Mistress Live Resin Cartridge 1g,2
Prismatic Glitter Blast Pre-roll 1.5g,2
Heavenly Buds Papaya Melonz 7 Flower 10g,2
Mama J's Dan's Diesel Rosin 1g,2
Tilted Gg 4 Pre-roll 1.2g,2
Stinger Flo Infused Pre-roll 2.5g,2
Constellation Cannabis Moroccan Peaches Cartridge 0.5g,2
2727 Og Glue Pre-roll 5g,2
Fire Bros Umami Bomb Infused Blunt 2g,2
Seattle's Private Reserve Butter Mintz Flower 1g,2
Fdg Peach Ringz Pre-roll 1g,2
Agro Couture Hawaiian Punch Bho 1g,2
Pastime Gorilla Butter Flower 3.5g,2
Suspended Triple Burger Pre-roll 1g,2
Heavenly Buds Black Maple Flower 3.5g,2
Torus Candy Apple Infused Pre-roll 1g,2
Torus Grape Ice Disposable Cartridge 1g,2
Shatter J's Grape Infused Pre-roll 1g,2
Freddy's Fuego Big Baby Flower 7g,2
Torus Sour Cherries Infused Pre-roll 3.5g,2
Walden Key Lime Tart Flower 14g,2
Torus Funkadelic Infused Pre-roll 1g,2
Torus Gastro Pop Pre-roll 1g,2
Sub X Romulan Cartridge 1g,2
Honey Stixx Huckleberry Og Infused Pre-roll 1g,2
Greenrush Gsc Cartridge 1g,2
Pastime Jelly Bean Cartridge 1g,2
High End Farms Blue Lime Pie Infused Blunt 1g,2
Ooowee Uh-huh Infused Pre-roll 5g,2
Mfused Notorious THC Cartridge 1g,2
Phat Panda Magic Marker Flower 3.5g,2
Stone City Lemon Cherry Gelato Infused Pre-roll 1g,2
Seattle Marijuana Co Jungle Punch Infused Blunt 1g,2
Canna Organix Plu-dough Infused Pre-roll 1g,2
Snickle Fritz Lime Sorbet Cartridge 1g,2
Sky High Gardens Trop Cherry Pre-roll 1.2g,2
Skagit Organics Sativa RSO 1g,2
2727 Snowman Cookies Pre-roll 5g,2
Goodies Cherry Cheesecake Flower 7g,2
Heavenly Buds Lemon Boof Infused Pre-roll 1g,2
Constellation Strawberry Kiwi Shots 2ml,2
Translucency 9th Inning Rally Infused Pre-roll 1g,2
Zoots Green Apple Gummies 40g,2
Greenrush Super Silver Haze THCA 1g,2
Zen Cannabis Super Boof Hash 1g,2
Ceres Anti Anxiety Capsule 0.35oz,2
Picc Kush Breath Infused Pre-roll 2.5g,2
Mojo Prickly Pear Shots 100ml,2
K Savage Blue Note Infused Pre-roll 1g,2
Ooowee Blueberry Dream Infused Pre-roll 5g,2
Svin One Piece Disposable Cartridge 1g,2
Sub X Lemon Cherry Gelato Flower 3.5g,2
2727 Gorilla Cookies Pre-roll 5g,2
Buddies Marcel Clementine Disposable Cartridge 1g,2
Torus Da Funk 7 Rosin 1g,2
Constellation Rambutan Rosin 1g,2
Tilted Potion Topical 7g,2
Mfused Permanent Marker Disposable Cartridge 1g,2
Lifted Strawberry Lobster Flower 3.5g,2
Refine Gorilla Cake Rosin 1g,2
Mz. A Black Runtz Flower 3.5g,2
Subx Ice Cold Flower 1g,2
Constellation Super Boof Rosin 1g,2
High Tide Alley Oop Rosin 1g,2
Stinger White Widow Infused Pre-roll 2.5g,2
Bodhi High Bubba Kush Infused Pre-roll 1g,2
Seattle's Private Reserve Sour Diesel Pre-roll 2g,2
Legacy Organics Funfetti Infused Pre-roll 1g,2
Mfused Purple Reign Cartridge 1g,2
Stingers Wedding Cake Cartridge 1g,2
Prismatic Acid Dough Pre-roll 1.5g,2
Pastime Tear Gas Flower 3.5g,2
Fire Bros Al Pastor Disposable Cartridge 1g,2
Cannasol Papaya Rosin 1g,2
Constellation The Soap Disposable Cartridge 1g,2
Suspended Black Koffee Mix Infused Flower 1g,2
Ooowee Sunset Lemonade Infused Pre-roll 5g,2
Heavenly Buds Tally Mon Flower 7g,2
Stingers Pina Colada Cartridge 1g,2
Skord Animal Cocktail Pre-roll 3.5g,2
Torus Permanent Marker Pre-roll 1g,2
Skagit Organics Purple Cadillac RSO 1g,2
Heavenly Buds White Cherry Runtz Pre-roll 1g,2
Journeyman Strawberry Gummies 85g,2
Journeyman Blackberry Lemonade Gummies 85g,2
Downtown Toasted Crunch Live Resin 1g,2
Mfused Rainier Cherry Cartridge 1g,2
Mfused Blu Voodoo Cartridge 1g,2
Ceres Gold Max Dragon Topical 3.4oz,2
Trichome Crop Circlez Infused Pre-roll 1g,2
Torus K2 1 Pre-roll 1g,2
The People's Indoor Gardens Blue Dream Pre-roll 2g,2
American Hash Makers 99 Sunsets Infused Pre-roll 0.5g,2
Zoots Pog Gummies 40g,2
Freddy's Fuego Big Baby Disposable Cartridge 1g,2
High Tide Zeaweed Flower 3.5g,2
Zen Cannabis Kacklesnatch Pre-roll 28g,2
Constellation Mint Condition Rosin 1g,2
Skord Souped Up Cartridge 1g,2
Canna Organix Forbidden Fruit Infused Pre-roll 1g,2
Lifted Blue Lobster Infused Pre-roll 1g,2
Ceres Assorted Edible 2.2oz,2
Svin Puro Loco Badder 1g,2
Fugu Farms Alpine Guava Rosin 1g,2
Hustler's Ambition Tropicanna Cookies Cartridge 1g,2
Ceres Dragon Balm Topical 96.4g,2
Clarity Farms Caprizun Cartridge 1g,2
Suspended Amarelo Flower 1g,2
Clarity Farms Grape Slushie Cartridge 1g,2
Tilted Ripped Off Runtz Pre-roll 1.2g,2
Tilted Ripped Off Runtz Infused Pre-roll 1.2g,2
Second Nature Sub Zero Flower 3.5g,2
Constellation Blue Raspberry Shots 2ml,2
Svin Amaretto Sour Flower 3.5g,2
Subx Gelly Rain Flower 3.5g,2
Lifted Ztrufflez Infused Pre-roll 1g,2
Clarity Farms Panama Red Bho 1g,2
Clarity Farms Pineapple Express Cartridge 1g,2
Clarity Farms Kiwi Hi-chewz Cartridge 1g,2
Clarity Farms Golden Peach Disposable Cartridge 1g,2
Thunder Chief Blue Licorice Flower 3.5g,2
Clarity Farms Berry Gelato Infused Pre-roll 0.8g,2
Clarity Farms Blood Orange Infused Pre-roll 0.8g,2
Lifted Luxor Pre-roll 1g,2
Ceres Smores Chocolate 62g,2
Smokiez Blueberry Fruit Chews 60g,2
Plaid Jacket Mango Mintality Cartridge 1g,2
Stinger Super Boof Infused Pre-roll 1g,2
Stinger Strawberry Kush Infused Pre-roll 1g,2
